term,exact_match_count,related_match_count,concept_type
items,464,0,top
Kohl,362,0,top
frustrating,246,152,top
app,330,280,top
purchase,253,1198,top
cart,245,89,top
shipping,276,665,top
store,465,374,top
Kohlís,240,258,top
shop,358,400,top
disappointed,113,55,top
discount,126,814,top
Iím,117,7,top
password,185,91,top
canít,127,345,top
email,201,422,top
coupon,126,429,top
itís,95,33,top
website,371,623,top
order,794,360,top
disappointed,113,55,saved
shipping,276,665,saved
frustrating,246,152,saved
shop,358,400,saved
order,794,360,saved
select,86,298,saved
option,100,173,saved
coupon,126,429,saved
rewards,102,496,saved
Kohl's cash,92,227,saved
log,74,633,saved
cart,245,89,saved
website,371,623,saved
click,115,299,saved
load,68,4,saved
customer service,135,288,saved
customer,224,138,saved
kohls,362,0,saved
free shipping,57,98,saved
donít,92,212,saved
shoes,83,234,saved
shirt,53,264,saved
size,169,110,saved
annoying,60,304,saved
horrible,47,90,saved
ridiculous,42,48,saved
fix,91,12,saved
unable,74,210,saved
correct,73,209,saved
disappeared,28,9,saved
remove,49,40,saved
